Num,Latitude,Longitude
1,37.336803,126.712836
2,37.501303,126.787808
3,37.522501,126.777363
4,37.511178,126.743209
5,37.508776,126.738469
6,37.528486,126.741476
7,37.510999,126.778994
8,37.529438,126.742163
9,37.516358,126.734111
10,37.513337,126.734624
11,37.519982,126.745824
12,37.52741,126.740086
13,37.506854,126.7437
14,37.512927,126.733512
15,37.52259,126.728818
16,37.516374,126.728928
17,37.517758,126.751283
18,37.513837,126.729257
19,37.535962,126.744475
20,37.508153,126.745149
21,37.503699,126.741638
22,37.524674,126.732673
23,37.51963,126.758512
24,37.535262,126.751988
25,37.50197,126.746565
26,37.498813,126.734568
27,37.514914,126.738557
28,37.508532,126.715458
29,37.524037,126.724325
30,37.523991,126.76453
31,37.504435,126.743822
32,37.500896,126.737821
33,37.51271,126.745055
34,37.515913,126.751696
35,37.503678,126.721922
36,37.516754,126.749318
37,37.524773,126.732876
38,37.526686,126.73144
39,37.515954,126.755605
40,37.512459,126.774272
41,37.502141,126.731028
42,37.515136,126.75018
43,37.515853,126.743066
44,37.520826,126.741423
45,37.522953,126.726729
46,37.50535,126.763416
47,37.524894,126.742846
48,37.51229,126.773358
49,37.510888,126.741811
50,37.508767,126.744736
51,37.520047,126.747446
52,37.51306,126.75725
53,37.519753,126.75185
54,37.498637,126.739824
55,37.498166,126.742507
56,37.495777,126.755641
57,37.499945,126.744396
58,37.520773,126.730851
59,37.520073,126.744839
60,37.507588,126.751868
61,37.514036,126.748227
62,37.529715,126.763557
63,37.519364,126.744971
64,37.51749,126.750931
65,37.516057,126.73019
66,37.500157,126.729854
67,37.51238,126.750973
68,37.521907,126.740497
69,37.516894,126.75442
70,37.50128,126.755852
71,37.521877,126.7437
72,37.538344,126.73816
73,37.516782,126.744219
74,37.507605,126.754309
75,37.511238,126.72976
76,37.512074,126.753163
77,37.506274,126.733469
78,37.516203,126.730437
79,37.52572,126.736515
80,37.522759,126.742747
81,37.510719,126.743
82,37.529656,126.743509
83,37.510132,126.747794
84,37.524564,126.743951
85,37.510625,126.730685
86,37.518688,126.748795
87,37.525711,126.742709
88,37.48853,126.727267
89,37.51092,126.741983
90,37.5045,126.725182
91,37.506093,126.744066
92,37.52182,126.751107
93,37.512393,126.747957
94,37.50192,126.721316
95,37.500456,126.757042
96,37.499478,126.720494
97,37.525338,126.72415
98,37.521989,126.748836
99,37.51376,126.746186
100,37.51631,126.751855
101,37.508537,126.761175
102,37.52571,126.733702
103,37.513218,126.747196
104,37.507377,126.742627
105,37.519108,126.73588
106,37.514508,126.72359
107,37.500101,126.750198
108,37.536696,126.743681
109,37.519502,126.758401
110,37.504249,126.750696
111,37.526322,126.745401
112,37.525668,126.725541
113,37.496722,126.714253
114,37.523593,126.73199
115,37.503148,126.732941
116,37.52141,126.726739
117,37.526085,126.732372
118,37.517188,126.743954
119,37.506581,126.726754
120,37.519483,126.748905
121,37.538706,126.762193
122,37.519982,126.755326
123,37.49799,126.757062
124,37.512311,126.742036
125,37.511079,126.753497
126,37.511509,126.747098
127,37.492328,126.74704
128,37.514676,126.757561
129,37.506662,126.739395
130,37.502917,126.737594
131,37.506861,126.784022
132,37.50065,126.789027
133,37.505492,126.772786
134,37.515002,126.788405
135,37.498822,126.780983
136,37.505839,126.778835
137,37.50245,126.776083
138,37.499764,126.78839
139,37.494465,126.792547
140,37.517241,126.788553
141,37.497894,126.790001
142,37.505223,126.775659
143,37.511689,126.762178
144,37.489584,126.783826
145,37.500145,126.779734
146,37.507749,126.787304
147,37.480296,126.7974
148,37.490953,126.770698
149,37.506859,126.772425
150,37.51529,126.787485
151,37.51408,126.776999
152,37.504382,126.777466
153,37.516336,126.777924
154,37.500465,126.773598
155,37.509509,126.797159
156,37.513849,126.762982
157,37.504701,126.793714
158,37.511643,126.795462
159,37.490766,126.791746
160,37.495096,126.776432
161,37.500002,126.783462
162,37.504494,126.800527
163,37.486208,126.7835
164,37.497938,126.791902
165,37.482177,126.781825
166,37.495899,126.758489
167,37.50623,126.785899
168,37.513338,126.786133
169,37.508338,126.769468
170,37.501477,126.765171
171,37.503401,126.763057
172,37.511058,126.80112
173,37.489436,126.779348
174,37.494971,126.793808
175,37.50621,126.777823
176,37.491501,126.786202
177,37.498219,126.780167
178,37.511169,126.789388
179,37.49505,126.776385
180,37.494385,126.790786
181,37.512803,126.779118
182,37.511341,126.760154
183,37.51413,126.778947
184,37.508267,126.788895
185,37.513837,126.780975
186,37.501576,126.77067
187,37.502368,126.787375
188,37.500937,126.776354
189,37.486591,126.782308
190,37.518344,126.789345
191,37.500792,126.781857
192,37.517332,126.776174
193,37.49785,126.788818
194,37.494254,126.803926
195,37.490201,126.769296
196,37.509392,126.785805
197,37.504925,126.777852
198,37.49533,126.767962
199,37.50283,126.787533
200,37.512051,126.783432
201,37.50507,126.800251
202,37.501216,126.783546
203,37.504175,126.778197
204,37.517062,126.776799
205,37.501728,126.782176
206,37.504245,126.768876
207,37.497888,126.785622
208,37.497695,126.76403
209,37.496985,126.788786
210,37.496129,126.768179
211,37.490827,126.786169
212,37.509641,126.777106
213,37.52066,126.791756
214,37.497426,126.785565
215,37.511266,126.76662
216,37.510297,126.780145
217,37.500402,126.770369
218,37.500729,126.784171
219,37.488593,126.790464
220,37.49783,126.786765
221,37.437603,126.694247
222,37.443664,126.709885
223,37.45492,126.726312
224,37.465596,126.668631
225,37.455148,126.7117
226,37.453433,126.692831
227,37.447618,126.690963
228,37.44914,126.714226
229,37.456216,126.692507
230,37.446848,126.706809
231,37.445004,126.695848
232,37.454312,126.69821
233,37.456691,126.680925
234,37.467458,126.711903
235,37.453549,126.718416
236,37.466436,126.709601
237,37.463124,126.707048
238,37.459218,126.700374
239,37.440042,126.699841
240,37.462578,126.71759
241,37.454451,126.679624
242,37.427875,126.697432
243,37.47328,126.696294
244,37.461795,126.717073
245,37.431478,126.704703
246,37.421098,126.678397
247,37.452732,126.71618
248,37.45985,126.720855
249,37.460762,126.725597
250,37.436976,126.705874
251,37.470674,126.685305
252,37.448996,126.729981
253,37.435845,126.723731
254,37.441645,126.690825
255,37.443861,126.703927
256,37.455063,126.717592
257,37.464192,126.682548
258,37.441848,126.708204
259,37.469836,126.715303
260,37.441667,126.70727
261,37.45974,126.711331
262,37.455005,126.695827
263,37.444965,126.704498
264,37.454508,126.689869
265,37.45271,126.702246
266,37.466493,126.720843
267,37.478117,126.711972
268,37.457809,126.720272
269,37.443994,126.709834
270,37.43983,126.690915
271,37.466549,126.728723
272,37.458169,126.695456
273,37.452595,126.704746
274,37.450241,126.695912
275,37.456194,126.703863
276,37.455147,126.725314
277,37.45577,126.701333
278,37.456869,126.718565
279,37.461663,126.714994
280,37.44301,126.724391
281,37.472084,126.701857
282,37.472481,126.679151
283,37.450129,126.678462
284,37.445646,126.719606
285,37.466979,126.717389
286,37.452546,126.699365
287,37.469158,126.717195
288,37.458338,126.695247
289,37.433869,126.695206
290,37.442617,126.711923
291,37.452939,126.696526
292,37.464433,126.696916
293,37.462804,126.697018
294,37.466921,126.697276
295,37.448453,126.703258
296,37.463514,126.697901
297,37.476196,126.696612
298,37.457443,126.691312
299,37.449878,126.71402
300,37.44838,126.708997
301,37.377829,126.72543
302,37.38498,126.712536
303,37.372045,126.720451
304,37.35417,126.764365
305,37.381891,126.728465
306,37.388374,126.72589
307,37.411324,126.72786
308,37.363028,126.708958
309,37.401664,126.742779
310,37.376306,126.72989
311,37.373162,126.716341
312,37.356864,126.734686
313,37.376029,126.738126
314,37.382128,126.739813
315,37.390286,126.720748
316,37.405818,126.711133
317,37.377538,126.72466
318,37.38131,126.718372
319,37.391295,126.731629
320,37.39387,126.709728
321,37.39183,126.713366
322,37.382228,126.72654
323,37.400447,126.731045
324,37.386913,126.716213
325,37.370521,126.700372
326,37.375252,126.723269
327,37.394631,126.723519
328,37.380497,126.719359
329,37.385884,126.725453
330,37.37702,126.71792
331,37.379869,126.731935
332,37.388417,126.722299
333,37.38437,126.710797
334,37.382593,126.719307
335,37.392747,126.689959
336,37.378868,126.74087
337,37.388607,126.750629
338,37.364375,126.708557
339,37.384949,126.722371
340,37.393177,126.73712
341,37.391703,126.719312
342,37.378129,126.704076
343,37.37768,126.706218
344,37.402675,126.713651
345,37.385206,126.690832
346,37.368595,126.746545
347,37.394165,126.711292
348,37.361819,126.70094
349,37.364207,126.693024
350,37.387551,126.716021
351,37.352597,126.729519
352,37.362184,126.706703
353,37.371458,126.71092
354,37.389193,126.728637
355,37.402616,126.712171
356,37.389195,126.750612
357,37.381001,126.690732
358,37.369855,126.714268
359,37.423339,126.704552
360,37.371679,126.722178
361,37.332306,126.712776
362,37.341331,126.709009
363,37.324366,126.712698
364,37.327753,126.719236
365,37.350298,126.715025
366,37.340872,126.712683
367,37.352776,126.702022
368,37.332907,126.707963
369,37.344459,126.700152
370,37.348876,126.714405
371,37.337353,126.716432
